{
  "type": "Coverity CLI Diagnostics Data",
  "version": 1,
  "general": {
    "coverity-static-analysis-version": "2025.3.0"
  },
  "capture": {
    "primary-capture-mode": "Auto",
    "command-line": "C:\\Users\\wangleo\\.blackduck\\bridge\\tools\\cov-thin-client\\2025.3.0\\bin\\coverity.exe capture --dir C:\\AI\\jasper-ipd-1\\.bridge\\Polaris Coverity Capture\\idir -o analyze.location=connect",
    "working-directory": "C:\\AI\\jasper-ipd-1",
    "project-directory": "C:\\AI\\jasper-ipd-1",
    "intermediate-directory": "C:\\AI\\jasper-ipd-1\\.bridge\\Polaris Coverity Capture\\idir",
    "configuration-file-path": "C:\\AI\\jasper-ipd-1\\coverity.yaml",
    "configuration": {
      "command-line-overrides": [
        "--config-override",
        "analyze.location=connect"
      ],
      "file-configuration": {
        "analyze": {
          "checkers": {
            "all": true,
            "android-security": true,
            "audit": true,
            "brakeman": true,
            "checker-config": {
              "BAD_CERT_VERIFICATION": {
                "enabled": false
              },
              "COPY_PASTE_ERROR": {
                "enabled": false
              },
              "FORWARD_NULL": {
                "enabled": false
              },
              "UNREACHABLE": {
                "enabled": false
              }
            },
            "codexm": [
              "python-test.cxm"
            ],
            "default": true
          }
        },
        "commit": null
      },
      "effective-configuration": {
        "analyze": {
          "checkers": {
            "all": true,
            "android-security": true,
            "audit": true,
            "brakeman": true,
            "checker-config": {
              "BAD_CERT_VERIFICATION": {
                "enabled": false
              },
              "COPY_PASTE_ERROR": {
                "enabled": false
              },
              "FORWARD_NULL": {
                "enabled": false
              },
              "UNREACHABLE": {
                "enabled": false
              }
            },
            "codexm": [
              "C:\\AI\\jasper-ipd-1\\python-test.cxm"
            ],
            "default": true
          },
          "location": "connect"
        },
        "commit": null,
        "caching": {
          "bytecode": true,
          "tu": false,
          "wur": true
        }
      },
      "configuration-hash": "00ed6c56971c423232aaf4cb708fca678d75a462828c5d5f79a853f9ac87861c"
    },
    "capture-summary": {
      "failed": 14,
      "files-captured": 277,
      "ignored": 16,
      "lines-of-code": 30942,
      "succeeded": 277
    },
    "capture-rate": 95.1890034364261,
    "command-info": [
      {
        "command-line": "C:\\Users\\wangleo\\.blackduck\\bridge\\tools\\cov-thin-client\\2025.3.0\\bin\\cov-manage-emit --dir C:\\AI\\jasper-ipd-1\\.bridge\\Polaris Coverity Capture\\idir check-compatible",
        "cwd": "C:\\AI\\jasper-ipd-1",
        "env": {
          "COVERITY_CACHE_API_TOKEN_FILE": "C:\\Users\\wangleo\\AppData\\Local\\Temp\\polaris_coverity_cache678262205\\.authKey",
          "COVERITY_CACHE_KEY": "0bdc5587-308a-45d2-9158-92ed7904de95",
          "COVERITY_CACHE_URL": "https://poc.polaris.synopsys.com/api/cache",
          "COVERITY_CLI_CAPTURE_ZIP_ARCHIVE": "C:\\AI\\jasper-ipd-1\\.bridge\\Polaris Coverity Capture\\idir.zip",
          "COVERITY_CLI_POLARIS_CLIENT": "true",
          "COVERITY_CLI_POLARIS_SIGMA": "C:\\Users\\wangleo\\.blackduck\\bridge\\tools\\sigma\\2025.4.0\\sigma.exe",
          "COVERITY_NO_LOG_ENVIRONMENT_VARIABLES": "1"
        },
        "stdout-tail": [
          "Intermediate directory C:/AI/jasper-ipd-1/.bridge/Polaris Coverity Capture/idir is compatible"
        ],
        "start-time": "2025-06-24T10:30:53.8607703+08:00",
        "end-time": "2025-06-24T10:30:53.9145055+08:00",
        "duration": 53734900
      },
      {
        "command-line": "C:\\Users\\wangleo\\.blackduck\\bridge\\tools\\cov-thin-client\\2025.3.0\\bin\\cov-manage-emit --dir C:\\AI\\jasper-ipd-1\\.bridge\\Polaris Coverity Capture\\idir reset-host-name",
        "cwd": "C:\\AI\\jasper-ipd-1",
        "env": {
          "COVERITY_CACHE_API_TOKEN_FILE": "C:\\Users\\wangleo\\AppData\\Local\\Temp\\polaris_coverity_cache678262205\\.authKey",
          "COVERITY_CACHE_KEY": "0bdc5587-308a-45d2-9158-92ed7904de95",
          "COVERITY_CACHE_URL": "https://poc.polaris.synopsys.com/api/cache",
          "COVERITY_CLI_CAPTURE_ZIP_ARCHIVE": "C:\\AI\\jasper-ipd-1\\.bridge\\Polaris Coverity Capture\\idir.zip",
          "COVERITY_CLI_POLARIS_CLIENT": "true",
          "COVERITY_CLI_POLARIS_SIGMA": "C:\\Users\\wangleo\\.blackduck\\bridge\\tools\\sigma\\2025.4.0\\sigma.exe",
          "COVERITY_NO_LOG_ENVIRONMENT_VARIABLES": "1"
        },
        "start-time": "2025-06-24T10:30:53.3365906+08:00",
        "end-time": "2025-06-24T10:30:53.8607703+08:00",
        "duration": 524178300
      },
      {
        "command-line": "C:\\Users\\wangleo\\.blackduck\\bridge\\tools\\cov-thin-client\\2025.3.0\\bin\\cov-internal-manage-cache check",
        "cwd": "C:\\AI\\jasper-ipd-1",
        "env": {
          "COVERITY_CACHE_API_TOKEN_FILE": "C:\\Users\\wangleo\\AppData\\Local\\Temp\\polaris_coverity_cache678262205\\.authKey",
          "COVERITY_CACHE_KEY": "0bdc5587-308a-45d2-9158-92ed7904de95",
          "COVERITY_CACHE_URL": "https://poc.polaris.synopsys.com/api/cache",
          "COVERITY_CLI_CAPTURE_ZIP_ARCHIVE": "C:\\AI\\jasper-ipd-1\\.bridge\\Polaris Coverity Capture\\idir.zip",
          "COVERITY_CLI_POLARIS_CLIENT": "true",
          "COVERITY_CLI_POLARIS_SIGMA": "C:\\Users\\wangleo\\.blackduck\\bridge\\tools\\sigma\\2025.4.0\\sigma.exe",
          "COVERITY_NO_LOG_ENVIRONMENT_VARIABLES": "1"
        },
        "start-time": "2025-06-24T10:30:53.928827+08:00",
        "end-time": "2025-06-24T10:30:54.7324449+08:00",
        "duration": 803616300
      },
      {
        "command-line": "C:\\Users\\wangleo\\.blackduck\\bridge\\tools\\cov-thin-client\\2025.3.0\\bin\\cov-manage-emit --dir C:\\AI\\jasper-ipd-1\\.bridge\\Polaris Coverity Capture\\idir create",
        "cwd": "C:\\AI\\jasper-ipd-1",
        "env": {
          "COVERITY_CACHE_API_TOKEN_FILE": "C:\\Users\\wangleo\\AppData\\Local\\Temp\\polaris_coverity_cache678262205\\.authKey",
          "COVERITY_CACHE_KEY": "0bdc5587-308a-45d2-9158-92ed7904de95",
          "COVERITY_CACHE_URL": "https://poc.polaris.synopsys.com/api/cache",
          "COVERITY_CLI_CAPTURE_ZIP_ARCHIVE": "C:\\AI\\jasper-ipd-1\\.bridge\\Polaris Coverity Capture\\idir.zip",
          "COVERITY_CLI_POLARIS_CLIENT": "true",
          "COVERITY_CLI_POLARIS_SIGMA": "C:\\Users\\wangleo\\.blackduck\\bridge\\tools\\sigma\\2025.4.0\\sigma.exe",
          "COVERITY_NO_LOG_ENVIRONMENT_VARIABLES": "1"
        },
        "start-time": "2025-06-24T10:30:54.73779+08:00",
        "end-time": "2025-06-24T10:30:54.8001438+08:00",
        "duration": 62353600
      },
      {
        "command-line": "C:\\Users\\wangleo\\.blackduck\\bridge\\tools\\cov-thin-client\\2025.3.0\\bin\\cov-manage-emit --dir C:\\AI\\jasper-ipd-1\\.bridge\\Polaris Coverity Capture\\idir list-capture-diagnostics",
        "cwd": "C:\\AI\\jasper-ipd-1",
        "env": {
          "COVERITY_CACHE_API_TOKEN_FILE": "C:\\Users\\wangleo\\AppData\\Local\\Temp\\polaris_coverity_cache678262205\\.authKey",
          "COVERITY_CACHE_KEY": "0bdc5587-308a-45d2-9158-92ed7904de95",
          "COVERITY_CACHE_URL": "https://poc.polaris.synopsys.com/api/cache",
          "COVERITY_CLI_CAPTURE_ZIP_ARCHIVE": "C:\\AI\\jasper-ipd-1\\.bridge\\Polaris Coverity Capture\\idir.zip",
          "COVERITY_CLI_POLARIS_CLIENT": "true",
          "COVERITY_CLI_POLARIS_SIGMA": "C:\\Users\\wangleo\\.blackduck\\bridge\\tools\\sigma\\2025.4.0\\sigma.exe",
          "COVERITY_NO_LOG_ENVIRONMENT_VARIABLES": "1"
        },
        "stdout-tail": [
          "        \"id\" : 485,",
          "        \"source-language\" : \"Text data\",",
          "        \"capture-percentage\" : 100,",
          "        \"had-failures\" : false,",
          "        \"had-recoverable-errors\" : false,",
          "        \"had-abstract-syntax-trees\" : false",
          "      }",
          "    }",
          "  ]",
          "}"
        ],
        "start-time": "2025-06-24T10:30:54.8134262+08:00",
        "end-time": "2025-06-24T10:30:54.9232112+08:00",
        "duration": 109784600
      },
      {
        "command-line": "C:\\Users\\wangleo\\.blackduck\\bridge\\tools\\cov-thin-client\\2025.3.0\\bin\\cov-configure -c C:\\AI\\jasper-ipd-1\\.bridge\\Polaris Coverity Capture\\idir\\coverity-cli\\build-compiler-configs\\coverity_config.xml --compiler gcc --comptype gcc --template",
        "cwd": "C:\\AI\\jasper-ipd-1",
        "env": {
          "COVERITY_CACHE_API_TOKEN_FILE": "C:\\Users\\wangleo\\AppData\\Local\\Temp\\polaris_coverity_cache678262205\\.authKey",
          "COVERITY_CACHE_KEY": "0bdc5587-308a-45d2-9158-92ed7904de95",
          "COVERITY_CACHE_URL": "https://poc.polaris.synopsys.com/api/cache",
          "COVERITY_CLI_CAPTURE_ZIP_ARCHIVE": "C:\\AI\\jasper-ipd-1\\.bridge\\Polaris Coverity Capture\\idir.zip",
          "COVERITY_CLI_POLARIS_CLIENT": "true",
          "COVERITY_CLI_POLARIS_SIGMA": "C:\\Users\\wangleo\\.blackduck\\bridge\\tools\\sigma\\2025.4.0\\sigma.exe",
          "COVERITY_NO_LOG_ENVIRONMENT_VARIABLES": "1"
        },
        "stdout-tail": [
          "",
          "Generated coverity_config.xml at location C:/AI/jasper-ipd-1/.bridge/Polaris Coverity Capture/idir/coverity-cli/build-compiler-configs/coverity_config.xml",
          "Successfully generated configuration for the compilers: *-g++ *-gcc ar g++ g++-* gcc gcc-* ld"
        ],
        "start-time": "2025-06-24T10:30:54.9656844+08:00",
        "end-time": "2025-06-24T10:30:57.3353067+08:00",
        "duration": 2369616900
      },
      {
        "command-line": "C:\\Users\\wangleo\\.blackduck\\bridge\\tools\\cov-thin-client\\2025.3.0\\bin\\cov-configure -c C:\\AI\\jasper-ipd-1\\.bridge\\Polaris Coverity Capture\\idir\\coverity-cli\\build-compiler-configs\\coverity_config.xml --compiler cc --comptype gcc --template",
        "cwd": "C:\\AI\\jasper-ipd-1",
        "env": {
          "COVERITY_CACHE_API_TOKEN_FILE": "C:\\Users\\wangleo\\AppData\\Local\\Temp\\polaris_coverity_cache678262205\\.authKey",
          "COVERITY_CACHE_KEY": "0bdc5587-308a-45d2-9158-92ed7904de95",
          "COVERITY_CACHE_URL": "https://poc.polaris.synopsys.com/api/cache",
          "COVERITY_CLI_CAPTURE_ZIP_ARCHIVE": "C:\\AI\\jasper-ipd-1\\.bridge\\Polaris Coverity Capture\\idir.zip",
          "COVERITY_CLI_POLARIS_CLIENT": "true",
          "COVERITY_CLI_POLARIS_SIGMA": "C:\\Users\\wangleo\\.blackduck\\bridge\\tools\\sigma\\2025.4.0\\sigma.exe",
          "COVERITY_NO_LOG_ENVIRONMENT_VARIABLES": "1"
        },
        "stdout-tail": [
          "",
          "Generated coverity_config.xml at location C:/AI/jasper-ipd-1/.bridge/Polaris Coverity Capture/idir/coverity-cli/build-compiler-configs/coverity_config.xml",
          "Successfully generated configuration for the compilers: cc"
        ],
        "stderr-tail": [
          "[WARNING] Template config template-gcc-config-1 already exists for gcc-* and will be reused. ",
          "[WARNING] Template config template-gcc-config-2 already exists for *-gcc and will be reused. ",
          "[WARNING] Template config template-g++-config-1 already exists for g++-* and will be reused. ",
          "[WARNING] Template config template-g++-config-2 already exists for *-g++ and will be reused. ",
          "[WARNING] Template config template-ld-config-0 already exists for ld and will be reused. ",
          "[WARNING] Template config template-ar-config-0 already exists for ar and will be reused. "
        ],
        "start-time": "2025-06-24T10:30:57.3363698+08:00",
        "end-time": "2025-06-24T10:30:57.9945148+08:00",
        "duration": 658144100
      },
      {
        "command-line": "C:\\Users\\wangleo\\.blackduck\\bridge\\tools\\cov-thin-client\\2025.3.0\\bin\\cov-configure -c C:\\AI\\jasper-ipd-1\\.bridge\\Polaris Coverity Capture\\idir\\coverity-cli\\build-compiler-configs\\coverity_config.xml --compiler c++ --comptype g++ --template",
        "cwd": "C:\\AI\\jasper-ipd-1",
        "env": {
          "COVERITY_CACHE_API_TOKEN_FILE": "C:\\Users\\wangleo\\AppData\\Local\\Temp\\polaris_coverity_cache678262205\\.authKey",
          "COVERITY_CACHE_KEY": "0bdc5587-308a-45d2-9158-92ed7904de95",
          "COVERITY_CACHE_URL": "https://poc.polaris.synopsys.com/api/cache",
          "COVERITY_CLI_CAPTURE_ZIP_ARCHIVE": "C:\\AI\\jasper-ipd-1\\.bridge\\Polaris Coverity Capture\\idir.zip",
          "COVERITY_CLI_POLARIS_CLIENT": "true",
          "COVERITY_CLI_POLARIS_SIGMA": "C:\\Users\\wangleo\\.blackduck\\bridge\\tools\\sigma\\2025.4.0\\sigma.exe",
          "COVERITY_NO_LOG_ENVIRONMENT_VARIABLES": "1"
        },
        "stdout-tail": [
          "",
          "Generated coverity_config.xml at location C:/AI/jasper-ipd-1/.bridge/Polaris Coverity Capture/idir/coverity-cli/build-compiler-configs/coverity_config.xml",
          "Successfully generated configuration for the compilers: c++"
        ],
        "start-time": "2025-06-24T10:30:57.9958673+08:00",
        "end-time": "2025-06-24T10:30:58.6365838+08:00",
        "duration": 640714900
      },
      {
        "command-line": "C:\\Users\\wangleo\\.blackduck\\bridge\\tools\\cov-thin-client\\2025.3.0\\bin\\cov-configure -c C:\\AI\\jasper-ipd-1\\.bridge\\Polaris Coverity Capture\\idir\\coverity-cli\\build-compiler-configs\\coverity_config.xml --compiler clang --comptype clangcc --template",
        "cwd": "C:\\AI\\jasper-ipd-1",
        "env": {
          "COVERITY_CACHE_API_TOKEN_FILE": "C:\\Users\\wangleo\\AppData\\Local\\Temp\\polaris_coverity_cache678262205\\.authKey",
          "COVERITY_CACHE_KEY": "0bdc5587-308a-45d2-9158-92ed7904de95",
          "COVERITY_CACHE_URL": "https://poc.polaris.synopsys.com/api/cache",
          "COVERITY_CLI_CAPTURE_ZIP_ARCHIVE": "C:\\AI\\jasper-ipd-1\\.bridge\\Polaris Coverity Capture\\idir.zip",
          "COVERITY_CLI_POLARIS_CLIENT": "true",
          "COVERITY_CLI_POLARIS_SIGMA": "C:\\Users\\wangleo\\.blackduck\\bridge\\tools\\sigma\\2025.4.0\\sigma.exe",
          "COVERITY_NO_LOG_ENVIRONMENT_VARIABLES": "1"
        },
        "stdout-tail": [
          "",
          "Generated coverity_config.xml at location C:/AI/jasper-ipd-1/.bridge/Polaris Coverity Capture/idir/coverity-cli/build-compiler-configs/coverity_config.xml",
          "Successfully generated configuration for the compilers: clang clang++"
        ],
        "start-time": "2025-06-24T10:30:58.6365838+08:00",
        "end-time": "2025-06-24T10:30:59.2906677+08:00",
        "duration": 654082700
      },
      {
        "command-line": "C:\\Users\\wangleo\\.blackduck\\bridge\\tools\\cov-thin-client\\2025.3.0\\bin\\cov-configure -c C:\\AI\\jasper-ipd-1\\.bridge\\Polaris Coverity Capture\\idir\\coverity-cli\\build-compiler-configs\\coverity_config.xml --compiler java --comptype java --template",
        "cwd": "C:\\AI\\jasper-ipd-1",
        "env": {
          "COVERITY_CACHE_API_TOKEN_FILE": "C:\\Users\\wangleo\\AppData\\Local\\Temp\\polaris_coverity_cache678262205\\.authKey",
          "COVERITY_CACHE_KEY": "0bdc5587-308a-45d2-9158-92ed7904de95",
          "COVERITY_CACHE_URL": "https://poc.polaris.synopsys.com/api/cache",
          "COVERITY_CLI_CAPTURE_ZIP_ARCHIVE": "C:\\AI\\jasper-ipd-1\\.bridge\\Polaris Coverity Capture\\idir.zip",
          "COVERITY_CLI_POLARIS_CLIENT": "true",
          "COVERITY_CLI_POLARIS_SIGMA": "C:\\Users\\wangleo\\.blackduck\\bridge\\tools\\sigma\\2025.4.0\\sigma.exe",
          "COVERITY_NO_LOG_ENVIRONMENT_VARIABLES": "1"
        },
        "stdout-tail": [
          "",
          "Generated coverity_config.xml at location C:/AI/jasper-ipd-1/.bridge/Polaris Coverity Capture/idir/coverity-cli/build-compiler-configs/coverity_config.xml",
          "Successfully generated configuration for the compilers: apt java javac javaw",
          "Successfully generated configuration for the buildless capture patterns: jar"
        ],
        "start-time": "2025-06-24T10:30:59.2924163+08:00",
        "end-time": "2025-06-24T10:30:59.9489197+08:00",
        "duration": 656501400
      },
      {
        "command-line": "C:\\Users\\wangleo\\.blackduck\\bridge\\tools\\cov-thin-client\\2025.3.0\\bin\\cov-configure -c C:\\AI\\jasper-ipd-1\\.bridge\\Polaris Coverity Capture\\idir\\coverity-cli\\build-compiler-configs\\coverity_config.xml --compiler go --comptype go --template",
        "cwd": "C:\\AI\\jasper-ipd-1",
        "env": {
          "COVERITY_CACHE_API_TOKEN_FILE": "C:\\Users\\wangleo\\AppData\\Local\\Temp\\polaris_coverity_cache678262205\\.authKey",
          "COVERITY_CACHE_KEY": "0bdc5587-308a-45d2-9158-92ed7904de95",
          "COVERITY_CACHE_URL": "https://poc.polaris.synopsys.com/api/cache",
          "COVERITY_CLI_CAPTURE_ZIP_ARCHIVE": "C:\\AI\\jasper-ipd-1\\.bridge\\Polaris Coverity Capture\\idir.zip",
          "COVERITY_CLI_POLARIS_CLIENT": "true",
          "COVERITY_CLI_POLARIS_SIGMA": "C:\\Users\\wangleo\\.blackduck\\bridge\\tools\\sigma\\2025.4.0\\sigma.exe",
          "COVERITY_NO_LOG_ENVIRONMENT_VARIABLES": "1"
        },
        "stdout-tail": [
          "",
          "Generated coverity_config.xml at location C:/AI/jasper-ipd-1/.bridge/Polaris Coverity Capture/idir/coverity-cli/build-compiler-configs/coverity_config.xml",
          "Successfully generated configuration for the compilers: go"
        ],
        "start-time": "2025-06-24T10:30:59.9489197+08:00",
        "end-time": "2025-06-24T10:31:00.6106328+08:00",
        "duration": 661711500
      },
      {
        "command-line": "C:\\Users\\wangleo\\.blackduck\\bridge\\tools\\cov-thin-client\\2025.3.0\\bin\\cov-configure -c C:\\AI\\jasper-ipd-1\\.bridge\\Polaris Coverity Capture\\idir\\coverity-cli\\build-compiler-configs\\coverity_config.xml --compiler ccache --comptype prefix --template",
        "cwd": "C:\\AI\\jasper-ipd-1",
        "env": {
          "COVERITY_CACHE_API_TOKEN_FILE": "C:\\Users\\wangleo\\AppData\\Local\\Temp\\polaris_coverity_cache678262205\\.authKey",
          "COVERITY_CACHE_KEY": "0bdc5587-308a-45d2-9158-92ed7904de95",
          "COVERITY_CACHE_URL": "https://poc.polaris.synopsys.com/api/cache",
          "COVERITY_CLI_CAPTURE_ZIP_ARCHIVE": "C:\\AI\\jasper-ipd-1\\.bridge\\Polaris Coverity Capture\\idir.zip",
          "COVERITY_CLI_POLARIS_CLIENT": "true",
          "COVERITY_CLI_POLARIS_SIGMA": "C:\\Users\\wangleo\\.blackduck\\bridge\\tools\\sigma\\2025.4.0\\sigma.exe",
          "COVERITY_NO_LOG_ENVIRONMENT_VARIABLES": "1"
        },
        "stdout-tail": [
          "",
          "Generated coverity_config.xml at location C:/AI/jasper-ipd-1/.bridge/Polaris Coverity Capture/idir/coverity-cli/build-compiler-configs/coverity_config.xml",
          "Successfully generated configuration for the compilers: ccache"
        ],
        "start-time": "2025-06-24T10:31:00.6106328+08:00",
        "end-time": "2025-06-24T10:31:01.2636899+08:00",
        "duration": 653056000
      },
      {
        "command-line": "C:\\Users\\wangleo\\.blackduck\\bridge\\tools\\cov-thin-client\\2025.3.0\\bin\\cov-configure -c C:\\AI\\jasper-ipd-1\\.bridge\\Polaris Coverity Capture\\idir\\coverity-cli\\build-compiler-configs\\coverity_config.xml --compiler kotlinc --comptype kotlinc --template",
        "cwd": "C:\\AI\\jasper-ipd-1",
        "env": {
          "COVERITY_CACHE_API_TOKEN_FILE": "C:\\Users\\wangleo\\AppData\\Local\\Temp\\polaris_coverity_cache678262205\\.authKey",
          "COVERITY_CACHE_KEY": "0bdc5587-308a-45d2-9158-92ed7904de95",
          "COVERITY_CACHE_URL": "https://poc.polaris.synopsys.com/api/cache",
          "COVERITY_CLI_CAPTURE_ZIP_ARCHIVE": "C:\\AI\\jasper-ipd-1\\.bridge\\Polaris Coverity Capture\\idir.zip",
          "COVERITY_CLI_POLARIS_CLIENT": "true",
          "COVERITY_CLI_POLARIS_SIGMA": "C:\\Users\\wangleo\\.blackduck\\bridge\\tools\\sigma\\2025.4.0\\sigma.exe",
          "COVERITY_NO_LOG_ENVIRONMENT_VARIABLES": "1"
        },
        "stdout-tail": [
          "",
          "Generated coverity_config.xml at location C:/AI/jasper-ipd-1/.bridge/Polaris Coverity Capture/idir/coverity-cli/build-compiler-configs/coverity_config.xml",
          "Successfully generated configuration for the compilers: kotlin kotlinc",
          "Successfully generated configuration for the buildless capture patterns: android kotlin-module"
        ],
        "stderr-tail": [
          "[WARNING] Template config template-java-config-0 already exists for java and will be reused. ",
          "[WARNING] Template config template-apt-config-0 already exists for apt and will be reused. ",
          "[WARNING] Template config template-javaw-config-0 already exists for javaw and will be reused. "
        ],
        "start-time": "2025-06-24T10:31:01.2636899+08:00",
        "end-time": "2025-06-24T10:31:01.9660852+08:00",
        "duration": 702394400
      },
      {
        "command-line": "C:\\Users\\wangleo\\.blackduck\\bridge\\tools\\cov-thin-client\\2025.3.0\\bin\\cov-configure -c C:\\AI\\jasper-ipd-1\\.bridge\\Polaris Coverity Capture\\idir\\coverity-cli\\build-compiler-configs\\coverity_config.xml --compiler csc --comptype csc --template",
        "cwd": "C:\\AI\\jasper-ipd-1",
        "env": {
          "COVERITY_CACHE_API_TOKEN_FILE": "C:\\Users\\wangleo\\AppData\\Local\\Temp\\polaris_coverity_cache678262205\\.authKey",
          "COVERITY_CACHE_KEY": "0bdc5587-308a-45d2-9158-92ed7904de95",
          "COVERITY_CACHE_URL": "https://poc.polaris.synopsys.com/api/cache",
          "COVERITY_CLI_CAPTURE_ZIP_ARCHIVE": "C:\\AI\\jasper-ipd-1\\.bridge\\Polaris Coverity Capture\\idir.zip",
          "COVERITY_CLI_POLARIS_CLIENT": "true",
          "COVERITY_CLI_POLARIS_SIGMA": "C:\\Users\\wangleo\\.blackduck\\bridge\\tools\\sigma\\2025.4.0\\sigma.exe",
          "COVERITY_NO_LOG_ENVIRONMENT_VARIABLES": "1"
        },
        "stdout-tail": [
          "",
          "Generated coverity_config.xml at location C:/AI/jasper-ipd-1/.bridge/Polaris Coverity Capture/idir/coverity-cli/build-compiler-configs/coverity_config.xml",
          "Successfully generated configuration for the compilers: csc csc.dll csc2 devenv dotnet microsoft.aspnetcore.mvc.razor.viewcompilation microsoft.aspnetcore.mvc.razor.viewcompilation-x64 microsoft.aspnetcore.mvc.razor.viewcompilation-x64.dll microsoft.aspnetcore.mvc.razor.viewcompilation-x86 microsoft.aspnetcore.mvc.razor.viewcompilation-x86.dll microsoft.aspnetcore.mvc.razor.viewcompilation.dll msbuild razor"
        ],
        "start-time": "2025-06-24T10:31:01.9660852+08:00",
        "end-time": "2025-06-24T10:31:02.6806618+08:00",
        "duration": 714576100
      },
      {
        "command-line": "C:\\Users\\wangleo\\.blackduck\\bridge\\tools\\cov-thin-client\\2025.3.0\\bin\\cov-configure -c C:\\AI\\jasper-ipd-1\\.bridge\\Polaris Coverity Capture\\idir\\coverity-cli\\build-compiler-configs\\coverity_config.xml --compiler vbc --comptype vbc --template",
        "cwd": "C:\\AI\\jasper-ipd-1",
        "env": {
          "COVERITY_CACHE_API_TOKEN_FILE": "C:\\Users\\wangleo\\AppData\\Local\\Temp\\polaris_coverity_cache678262205\\.authKey",
          "COVERITY_CACHE_KEY": "0bdc5587-308a-45d2-9158-92ed7904de95",
          "COVERITY_CACHE_URL": "https://poc.polaris.synopsys.com/api/cache",
          "COVERITY_CLI_CAPTURE_ZIP_ARCHIVE": "C:\\AI\\jasper-ipd-1\\.bridge\\Polaris Coverity Capture\\idir.zip",
          "COVERITY_CLI_POLARIS_CLIENT": "true",
          "COVERITY_CLI_POLARIS_SIGMA": "C:\\Users\\wangleo\\.blackduck\\bridge\\tools\\sigma\\2025.4.0\\sigma.exe",
          "COVERITY_NO_LOG_ENVIRONMENT_VARIABLES": "1"
        },
        "stdout-tail": [
          "",
          "Generated coverity_config.xml at location C:/AI/jasper-ipd-1/.bridge/Polaris Coverity Capture/idir/coverity-cli/build-compiler-configs/coverity_config.xml",
          "Successfully generated configuration for the compilers: vbc vbc.dll"
        ],
        "stderr-tail": [
          "[WARNING] Template config template-dotnet-config-0 already exists for dotnet and will be reused. "
        ],
        "start-time": "2025-06-24T10:31:02.6812244+08:00",
        "end-time": "2025-06-24T10:31:03.3851194+08:00",
        "duration": 703893700
      },
      {
        "command-line": "C:\\Users\\wangleo\\.blackduck\\bridge\\tools\\cov-thin-client\\2025.3.0\\bin\\cov-configure -c C:\\AI\\jasper-ipd-1\\.bridge\\Polaris Coverity Capture\\idir\\coverity-cli\\build-compiler-configs\\coverity_config.xml --compiler cl --comptype msvc --template",
        "cwd": "C:\\AI\\jasper-ipd-1",
        "env": {
          "COVERITY_CACHE_API_TOKEN_FILE": "C:\\Users\\wangleo\\AppData\\Local\\Temp\\polaris_coverity_cache678262205\\.authKey",
          "COVERITY_CACHE_KEY": "0bdc5587-308a-45d2-9158-92ed7904de95",
          "COVERITY_CACHE_URL": "https://poc.polaris.synopsys.com/api/cache",
          "COVERITY_CLI_CAPTURE_ZIP_ARCHIVE": "C:\\AI\\jasper-ipd-1\\.bridge\\Polaris Coverity Capture\\idir.zip",
          "COVERITY_CLI_POLARIS_CLIENT": "true",
          "COVERITY_CLI_POLARIS_SIGMA": "C:\\Users\\wangleo\\.blackduck\\bridge\\tools\\sigma\\2025.4.0\\sigma.exe",
          "COVERITY_NO_LOG_ENVIRONMENT_VARIABLES": "1"
        },
        "stdout-tail": [
          "",
          "Generated coverity_config.xml at location C:/AI/jasper-ipd-1/.bridge/Polaris Coverity Capture/idir/coverity-cli/build-compiler-configs/coverity_config.xml",
          "Successfully generated configuration for the compilers: cl lib link"
        ],
        "start-time": "2025-06-24T10:31:03.3851194+08:00",
        "end-time": "2025-06-24T10:31:04.317287+08:00",
        "duration": 932166100
      },
      {
        "command-line": "C:\\Users\\wangleo\\.blackduck\\bridge\\tools\\cov-thin-client\\2025.3.0\\bin\\cov-configure -c C:\\AI\\jasper-ipd-1\\.bridge\\Polaris Coverity Capture\\idir\\coverity-cli\\build-compiler-configs\\coverity_config.xml --compiler i686-w64-mingw32-gcc --comptype gcc --template",
        "cwd": "C:\\AI\\jasper-ipd-1",
        "env": {
          "COVERITY_CACHE_API_TOKEN_FILE": "C:\\Users\\wangleo\\AppData\\Local\\Temp\\polaris_coverity_cache678262205\\.authKey",
          "COVERITY_CACHE_KEY": "0bdc5587-308a-45d2-9158-92ed7904de95",
          "COVERITY_CACHE_URL": "https://poc.polaris.synopsys.com/api/cache",
          "COVERITY_CLI_CAPTURE_ZIP_ARCHIVE": "C:\\AI\\jasper-ipd-1\\.bridge\\Polaris Coverity Capture\\idir.zip",
          "COVERITY_CLI_POLARIS_CLIENT": "true",
          "COVERITY_CLI_POLARIS_SIGMA": "C:\\Users\\wangleo\\.blackduck\\bridge\\tools\\sigma\\2025.4.0\\sigma.exe",
          "COVERITY_NO_LOG_ENVIRONMENT_VARIABLES": "1"
        },
        "stdout-tail": [
          "",
          "Generated coverity_config.xml at location C:/AI/jasper-ipd-1/.bridge/Polaris Coverity Capture/idir/coverity-cli/build-compiler-configs/coverity_config.xml",
          "Successfully generated configuration for the compilers: i686-w64-mingw32-g++ i686-w64-mingw32-gcc"
        ],
        "stderr-tail": [
          "[WARNING] Template config template-gcc-config-1 already exists for gcc-* and will be reused. ",
          "[WARNING] Template config template-gcc-config-2 already exists for *-gcc and will be reused. ",
          "[WARNING] Template config template-g++-config-1 already exists for g++-* and will be reused. ",
          "[WARNING] Template config template-g++-config-2 already exists for *-g++ and will be reused. ",
          "[WARNING] Template config template-ld-config-0 already exists for ld and will be reused. ",
          "[WARNING] Template config template-ar-config-0 already exists for ar and will be reused. "
        ],
        "start-time": "2025-06-24T10:31:04.3177946+08:00",
        "end-time": "2025-06-24T10:31:05.0078015+08:00",
        "duration": 690005300
      },
      {
        "command-line": "C:\\Users\\wangleo\\.blackduck\\bridge\\tools\\cov-thin-client\\2025.3.0\\bin\\cov-configure -c C:\\AI\\jasper-ipd-1\\.bridge\\Polaris Coverity Capture\\idir\\coverity-cli\\build-compiler-configs\\coverity_config.xml --compiler i686-w64-mingw32-c++ --comptype g++ --template",
        "cwd": "C:\\AI\\jasper-ipd-1",
        "env": {
          "COVERITY_CACHE_API_TOKEN_FILE": "C:\\Users\\wangleo\\AppData\\Local\\Temp\\polaris_coverity_cache678262205\\.authKey",
          "COVERITY_CACHE_KEY": "0bdc5587-308a-45d2-9158-92ed7904de95",
          "COVERITY_CACHE_URL": "https://poc.polaris.synopsys.com/api/cache",
          "COVERITY_CLI_CAPTURE_ZIP_ARCHIVE": "C:\\AI\\jasper-ipd-1\\.bridge\\Polaris Coverity Capture\\idir.zip",
          "COVERITY_CLI_POLARIS_CLIENT": "true",
          "COVERITY_CLI_POLARIS_SIGMA": "C:\\Users\\wangleo\\.blackduck\\bridge\\tools\\sigma\\2025.4.0\\sigma.exe",
          "COVERITY_NO_LOG_ENVIRONMENT_VARIABLES": "1"
        },
        "stdout-tail": [
          "",
          "Generated coverity_config.xml at location C:/AI/jasper-ipd-1/.bridge/Polaris Coverity Capture/idir/coverity-cli/build-compiler-configs/coverity_config.xml",
          "Successfully generated configuration for the compilers: i686-w64-mingw32-c++"
        ],
        "start-time": "2025-06-24T10:31:05.0078015+08:00",
        "end-time": "2025-06-24T10:31:05.7003791+08:00",
        "duration": 692575800
      },
      {
        "command-line": "C:\\Users\\wangleo\\.blackduck\\bridge\\tools\\cov-thin-client\\2025.3.0\\bin\\cov-configure -c C:\\AI\\jasper-ipd-1\\.bridge\\Polaris Coverity Capture\\idir\\coverity-cli\\build-compiler-configs\\coverity_config.xml --compiler mingw32-gcc --comptype gcc --template",
        "cwd": "C:\\AI\\jasper-ipd-1",
        "env": {
          "COVERITY_CACHE_API_TOKEN_FILE": "C:\\Users\\wangleo\\AppData\\Local\\Temp\\polaris_coverity_cache678262205\\.authKey",
          "COVERITY_CACHE_KEY": "0bdc5587-308a-45d2-9158-92ed7904de95",
          "COVERITY_CACHE_URL": "https://poc.polaris.synopsys.com/api/cache",
          "COVERITY_CLI_CAPTURE_ZIP_ARCHIVE": "C:\\AI\\jasper-ipd-1\\.bridge\\Polaris Coverity Capture\\idir.zip",
          "COVERITY_CLI_POLARIS_CLIENT": "true",
          "COVERITY_CLI_POLARIS_SIGMA": "C:\\Users\\wangleo\\.blackduck\\bridge\\tools\\sigma\\2025.4.0\\sigma.exe",
          "COVERITY_NO_LOG_ENVIRONMENT_VARIABLES": "1"
        },
        "stdout-tail": [
          "",
          "Generated coverity_config.xml at location C:/AI/jasper-ipd-1/.bridge/Polaris Coverity Capture/idir/coverity-cli/build-compiler-configs/coverity_config.xml",
          "Successfully generated configuration for the compilers: mingw32-g++ mingw32-gcc"
        ],
        "stderr-tail": [
          "[WARNING] Template config template-gcc-config-1 already exists for gcc-* and will be reused. ",
          "[WARNING] Template config template-gcc-config-2 already exists for *-gcc and will be reused. ",
          "[WARNING] Template config template-g++-config-1 already exists for g++-* and will be reused. ",
          "[WARNING] Template config template-g++-config-2 already exists for *-g++ and will be reused. ",
          "[WARNING] Template config template-ld-config-0 already exists for ld and will be reused. ",
          "[WARNING] Template config template-ar-config-0 already exists for ar and will be reused. "
        ],
        "start-time": "2025-06-24T10:31:05.7003791+08:00",
        "end-time": "2025-06-24T10:31:06.400073+08:00",
        "duration": 699692200
      },
      {
        "command-line": "C:\\Users\\wangleo\\.blackduck\\bridge\\tools\\cov-thin-client\\2025.3.0\\bin\\cov-configure -c C:\\AI\\jasper-ipd-1\\.bridge\\Polaris Coverity Capture\\idir\\coverity-cli\\build-compiler-configs\\coverity_config.xml --compiler mingw32-c++ --comptype g++ --template",
        "cwd": "C:\\AI\\jasper-ipd-1",
        "env": {
          "COVERITY_CACHE_API_TOKEN_FILE": "C:\\Users\\wangleo\\AppData\\Local\\Temp\\polaris_coverity_cache678262205\\.authKey",
          "COVERITY_CACHE_KEY": "0bdc5587-308a-45d2-9158-92ed7904de95",
          "COVERITY_CACHE_URL": "https://poc.polaris.synopsys.com/api/cache",
          "COVERITY_CLI_CAPTURE_ZIP_ARCHIVE": "C:\\AI\\jasper-ipd-1\\.bridge\\Polaris Coverity Capture\\idir.zip",
          "COVERITY_CLI_POLARIS_CLIENT": "true",
          "COVERITY_CLI_POLARIS_SIGMA": "C:\\Users\\wangleo\\.blackduck\\bridge\\tools\\sigma\\2025.4.0\\sigma.exe",
          "COVERITY_NO_LOG_ENVIRONMENT_VARIABLES": "1"
        },
        "stdout-tail": [
          "",
          "Generated coverity_config.xml at location C:/AI/jasper-ipd-1/.bridge/Polaris Coverity Capture/idir/coverity-cli/build-compiler-configs/coverity_config.xml",
          "Successfully generated configuration for the compilers: mingw32-c++"
        ],
        "start-time": "2025-06-24T10:31:06.400073+08:00",
        "end-time": "2025-06-24T10:31:07.0909854+08:00",
        "duration": 690911000
      },
      {
        "command-line": "C:\\Users\\wangleo\\.blackduck\\bridge\\tools\\cov-thin-client\\2025.3.0\\bin\\cov-configure -c C:\\AI\\jasper-ipd-1\\.bridge\\Polaris Coverity Capture\\idir\\coverity-cli\\build-compiler-configs\\coverity_config.xml --compiler x86_64-w64-mingw32-gcc --comptype gcc --template",
        "cwd": "C:\\AI\\jasper-ipd-1",
        "env": {
          "COVERITY_CACHE_API_TOKEN_FILE": "C:\\Users\\wangleo\\AppData\\Local\\Temp\\polaris_coverity_cache678262205\\.authKey",
          "COVERITY_CACHE_KEY": "0bdc5587-308a-45d2-9158-92ed7904de95",
          "COVERITY_CACHE_URL": "https://poc.polaris.synopsys.com/api/cache",
          "COVERITY_CLI_CAPTURE_ZIP_ARCHIVE": "C:\\AI\\jasper-ipd-1\\.bridge\\Polaris Coverity Capture\\idir.zip",
          "COVERITY_CLI_POLARIS_CLIENT": "true",
          "COVERITY_CLI_POLARIS_SIGMA": "C:\\Users\\wangleo\\.blackduck\\bridge\\tools\\sigma\\2025.4.0\\sigma.exe",
          "COVERITY_NO_LOG_ENVIRONMENT_VARIABLES": "1"
        },
        "stdout-tail": [
          "",
          "Generated coverity_config.xml at location C:/AI/jasper-ipd-1/.bridge/Polaris Coverity Capture/idir/coverity-cli/build-compiler-configs/coverity_config.xml",
          "Successfully generated configuration for the compilers: x86_64-w64-mingw32-g++ x86_64-w64-mingw32-gcc"
        ],
        "stderr-tail": [
          "[WARNING] Template config template-gcc-config-1 already exists for gcc-* and will be reused. ",
          "[WARNING] Template config template-gcc-config-2 already exists for *-gcc and will be reused. ",
          "[WARNING] Template config template-g++-config-1 already exists for g++-* and will be reused. ",
          "[WARNING] Template config template-g++-config-2 already exists for *-g++ and will be reused. ",
          "[WARNING] Template config template-ld-config-0 already exists for ld and will be reused. ",
          "[WARNING] Template config template-ar-config-0 already exists for ar and will be reused. "
        ],
        "start-time": "2025-06-24T10:31:07.0909854+08:00",
        "end-time": "2025-06-24T10:31:07.7886283+08:00",
        "duration": 697641700
      },
      {
        "command-line": "C:\\Users\\wangleo\\.blackduck\\bridge\\tools\\cov-thin-client\\2025.3.0\\bin\\cov-configure -c C:\\AI\\jasper-ipd-1\\.bridge\\Polaris Coverity Capture\\idir\\coverity-cli\\build-compiler-configs\\coverity_config.xml --compiler x86_64-w64-mingw32-c++ --comptype g++ --template",
        "cwd": "C:\\AI\\jasper-ipd-1",
        "env": {
          "COVERITY_CACHE_API_TOKEN_FILE": "C:\\Users\\wangleo\\AppData\\Local\\Temp\\polaris_coverity_cache678262205\\.authKey",
          "COVERITY_CACHE_KEY": "0bdc5587-308a-45d2-9158-92ed7904de95",
          "COVERITY_CACHE_URL": "https://poc.polaris.synopsys.com/api/cache",
          "COVERITY_CLI_CAPTURE_ZIP_ARCHIVE": "C:\\AI\\jasper-ipd-1\\.bridge\\Polaris Coverity Capture\\idir.zip",
          "COVERITY_CLI_POLARIS_CLIENT": "true",
          "COVERITY_CLI_POLARIS_SIGMA": "C:\\Users\\wangleo\\.blackduck\\bridge\\tools\\sigma\\2025.4.0\\sigma.exe",
          "COVERITY_NO_LOG_ENVIRONMENT_VARIABLES": "1"
        },
        "stdout-tail": [
          "",
          "Generated coverity_config.xml at location C:/AI/jasper-ipd-1/.bridge/Polaris Coverity Capture/idir/coverity-cli/build-compiler-configs/coverity_config.xml",
          "Successfully generated configuration for the compilers: x86_64-w64-mingw32-c++"
        ],
        "start-time": "2025-06-24T10:31:07.7886283+08:00",
        "end-time": "2025-06-24T10:31:08.4791595+08:00",
        "duration": 690530000
      },
      {
        "command-line": "C:\\Users\\wangleo\\.blackduck\\bridge\\tools\\cov-thin-client\\2025.3.0\\bin\\cov-configure -c C:\\AI\\jasper-ipd-1\\.bridge\\Polaris Coverity Capture\\idir\\coverity-cli\\buildless-compiler-configs\\coverity_config.xml --dart",
        "cwd": "C:\\AI\\jasper-ipd-1",
        "env": {
          "COVERITY_CACHE_API_TOKEN_FILE": "C:\\Users\\wangleo\\AppData\\Local\\Temp\\polaris_coverity_cache678262205\\.authKey",
          "COVERITY_CACHE_KEY": "0bdc5587-308a-45d2-9158-92ed7904de95",
          "COVERITY_CACHE_URL": "https://poc.polaris.synopsys.com/api/cache",
          "COVERITY_CLI_CAPTURE_ZIP_ARCHIVE": "C:\\AI\\jasper-ipd-1\\.bridge\\Polaris Coverity Capture\\idir.zip",
          "COVERITY_CLI_POLARIS_CLIENT": "true",
          "COVERITY_CLI_POLARIS_SIGMA": "C:\\Users\\wangleo\\.blackduck\\bridge\\tools\\sigma\\2025.4.0\\sigma.exe",
          "COVERITY_NO_LOG_ENVIRONMENT_VARIABLES": "1"
        },
        "stdout-tail": [
          "",
          "Generated coverity_config.xml at location C:/AI/jasper-ipd-1/.bridge/Polaris Coverity Capture/idir/coverity-cli/buildless-compiler-configs/coverity_config.xml",
          "Successfully generated configuration for the buildless capture patterns: capture-config-files dart"
        ],
        "start-time": "2025-06-24T10:31:08.4791595+08:00",
        "end-time": "2025-06-24T10:31:09.0998527+08:00",
        "duration": 620692200
      },
      {
        "command-line": "C:\\Users\\wangleo\\.blackduck\\bridge\\tools\\cov-thin-client\\2025.3.0\\bin\\cov-configure -c C:\\AI\\jasper-ipd-1\\.bridge\\Polaris Coverity Capture\\idir\\coverity-cli\\buildless-compiler-configs\\coverity_config.xml --javascript",
        "cwd": "C:\\AI\\jasper-ipd-1",
        "env": {
          "COVERITY_CACHE_API_TOKEN_FILE": "C:\\Users\\wangleo\\AppData\\Local\\Temp\\polaris_coverity_cache678262205\\.authKey",
          "COVERITY_CACHE_KEY": "0bdc5587-308a-45d2-9158-92ed7904de95",
          "COVERITY_CACHE_URL": "https://poc.polaris.synopsys.com/api/cache",
          "COVERITY_CLI_CAPTURE_ZIP_ARCHIVE": "C:\\AI\\jasper-ipd-1\\.bridge\\Polaris Coverity Capture\\idir.zip",
          "COVERITY_CLI_POLARIS_CLIENT": "true",
          "COVERITY_CLI_POLARIS_SIGMA": "C:\\Users\\wangleo\\.blackduck\\bridge\\tools\\sigma\\2025.4.0\\sigma.exe",
          "COVERITY_NO_LOG_ENVIRONMENT_VARIABLES": "1"
        },
        "stdout-tail": [
          "[NOTE] This Coverity installation only supports record with source for \"javascript\". Attempts to capture source files for this language without specifying --record-with-source to cov-build will be ignored.",
          "",
          "Generated coverity_config.xml at location C:/AI/jasper-ipd-1/.bridge/Polaris Coverity Capture/idir/coverity-cli/buildless-compiler-configs/coverity_config.xml",
          "Successfully generated configuration for the buildless capture patterns: capture-config-files html javascript jsx typescript vue"
        ],
        "start-time": "2025-06-24T10:31:09.0998527+08:00",
        "end-time": "2025-06-24T10:31:09.740533+08:00",
        "duration": 640679700
      },
      {
        "command-line": "C:\\Users\\wangleo\\.blackduck\\bridge\\tools\\cov-thin-client\\2025.3.0\\bin\\cov-configure -c C:\\AI\\jasper-ipd-1\\.bridge\\Polaris Coverity Capture\\idir\\coverity-cli\\buildless-compiler-configs\\coverity_config.xml --php",
        "cwd": "C:\\AI\\jasper-ipd-1",
        "env": {
          "COVERITY_CACHE_API_TOKEN_FILE": "C:\\Users\\wangleo\\AppData\\Local\\Temp\\polaris_coverity_cache678262205\\.authKey",
          "COVERITY_CACHE_KEY": "0bdc5587-308a-45d2-9158-92ed7904de95",
          "COVERITY_CACHE_URL": "https://poc.polaris.synopsys.com/api/cache",
          "COVERITY_CLI_CAPTURE_ZIP_ARCHIVE": "C:\\AI\\jasper-ipd-1\\.bridge\\Polaris Coverity Capture\\idir.zip",
          "COVERITY_CLI_POLARIS_CLIENT": "true",
          "COVERITY_CLI_POLARIS_SIGMA": "C:\\Users\\wangleo\\.blackduck\\bridge\\tools\\sigma\\2025.4.0\\sigma.exe",
          "COVERITY_NO_LOG_ENVIRONMENT_VARIABLES": "1"
        },
        "stdout-tail": [
          "",
          "Generated coverity_config.xml at location C:/AI/jasper-ipd-1/.bridge/Polaris Coverity Capture/idir/coverity-cli/buildless-compiler-configs/coverity_config.xml",
          "Successfully generated configuration for the buildless capture patterns: capture-config-files php"
        ],
        "start-time": "2025-06-24T10:31:09.740533+08:00",
        "end-time": "2025-06-24T10:31:10.3768847+08:00",
        "duration": 636350000
      },
      {
        "command-line": "C:\\Users\\wangleo\\.blackduck\\bridge\\tools\\cov-thin-client\\2025.3.0\\bin\\cov-configure -c C:\\AI\\jasper-ipd-1\\.bridge\\Polaris Coverity Capture\\idir\\coverity-cli\\buildless-compiler-configs\\coverity_config.xml --python",
        "cwd": "C:\\AI\\jasper-ipd-1",
        "env": {
          "COVERITY_CACHE_API_TOKEN_FILE": "C:\\Users\\wangleo\\AppData\\Local\\Temp\\polaris_coverity_cache678262205\\.authKey",
          "COVERITY_CACHE_KEY": "0bdc5587-308a-45d2-9158-92ed7904de95",
          "COVERITY_CACHE_URL": "https://poc.polaris.synopsys.com/api/cache",
          "COVERITY_CLI_CAPTURE_ZIP_ARCHIVE": "C:\\AI\\jasper-ipd-1\\.bridge\\Polaris Coverity Capture\\idir.zip",
          "COVERITY_CLI_POLARIS_CLIENT": "true",
          "COVERITY_CLI_POLARIS_SIGMA": "C:\\Users\\wangleo\\.blackduck\\bridge\\tools\\sigma\\2025.4.0\\sigma.exe",
          "COVERITY_NO_LOG_ENVIRONMENT_VARIABLES": "1"
        },
        "stdout-tail": [
          "",
          "Generated coverity_config.xml at location C:/AI/jasper-ipd-1/.bridge/Polaris Coverity Capture/idir/coverity-cli/buildless-compiler-configs/coverity_config.xml",
          "Successfully generated configuration for the buildless capture patterns: capture-config-files python"
        ],
        "start-time": "2025-06-24T10:31:10.3768847+08:00",
        "end-time": "2025-06-24T10:31:11.0164044+08:00",
        "duration": 639519300
      },
      {
        "command-line": "C:\\Users\\wangleo\\.blackduck\\bridge\\tools\\cov-thin-client\\2025.3.0\\bin\\cov-configure -c C:\\AI\\jasper-ipd-1\\.bridge\\Polaris Coverity Capture\\idir\\coverity-cli\\buildless-compiler-configs\\coverity_config.xml --ruby",
        "cwd": "C:\\AI\\jasper-ipd-1",
        "env": {
          "COVERITY_CACHE_API_TOKEN_FILE": "C:\\Users\\wangleo\\AppData\\Local\\Temp\\polaris_coverity_cache678262205\\.authKey",
          "COVERITY_CACHE_KEY": "0bdc5587-308a-45d2-9158-92ed7904de95",
          "COVERITY_CACHE_URL": "https://poc.polaris.synopsys.com/api/cache",
          "COVERITY_CLI_CAPTURE_ZIP_ARCHIVE": "C:\\AI\\jasper-ipd-1\\.bridge\\Polaris Coverity Capture\\idir.zip",
          "COVERITY_CLI_POLARIS_CLIENT": "true",
          "COVERITY_CLI_POLARIS_SIGMA": "C:\\Users\\wangleo\\.blackduck\\bridge\\tools\\sigma\\2025.4.0\\sigma.exe",
          "COVERITY_NO_LOG_ENVIRONMENT_VARIABLES": "1"
        },
        "stdout-tail": [
          "",
          "Generated coverity_config.xml at location C:/AI/jasper-ipd-1/.bridge/Polaris Coverity Capture/idir/coverity-cli/buildless-compiler-configs/coverity_config.xml",
          "Successfully generated configuration for the buildless capture patterns: capture-config-files ruby"
        ],
        "start-time": "2025-06-24T10:31:11.0164044+08:00",
        "end-time": "2025-06-24T10:31:11.6537557+08:00",
        "duration": 637350400
      },
      {
        "command-line": "C:\\Users\\wangleo\\.blackduck\\bridge\\tools\\cov-thin-client\\2025.3.0\\bin\\cov-configure -c C:\\AI\\jasper-ipd-1\\.bridge\\Polaris Coverity Capture\\idir\\coverity-cli\\buildless-compiler-configs\\coverity_config.xml --comptype capture-config-files --file-regex $capture-config-files$ --template",
        "cwd": "C:\\AI\\jasper-ipd-1",
        "env": {
          "COVERITY_CACHE_API_TOKEN_FILE": "C:\\Users\\wangleo\\AppData\\Local\\Temp\\polaris_coverity_cache678262205\\.authKey",
          "COVERITY_CACHE_KEY": "0bdc5587-308a-45d2-9158-92ed7904de95",
          "COVERITY_CACHE_URL": "https://poc.polaris.synopsys.com/api/cache",
          "COVERITY_CLI_CAPTURE_ZIP_ARCHIVE": "C:\\AI\\jasper-ipd-1\\.bridge\\Polaris Coverity Capture\\idir.zip",
          "COVERITY_CLI_POLARIS_CLIENT": "true",
          "COVERITY_CLI_POLARIS_SIGMA": "C:\\Users\\wangleo\\.blackduck\\bridge\\tools\\sigma\\2025.4.0\\sigma.exe",
          "COVERITY_NO_LOG_ENVIRONMENT_VARIABLES": "1"
        },
        "stderr-tail": [
          "[WARNING] Configuration already exists for file regex $capture-config-files$",
          "          and it will not be updated."
        ],
        "start-time": "2025-06-24T10:31:11.6537557+08:00",
        "end-time": "2025-06-24T10:31:11.7160127+08:00",
        "duration": 62256600
      },
      {
        "command-line": "C:\\Users\\wangleo\\.blackduck\\bridge\\tools\\cov-thin-client\\2025.3.0\\bin\\cov-internal-capture-files --dir C:\\AI\\jasper-ipd-1\\.bridge\\Polaris Coverity Capture\\idir -c C:\\AI\\jasper-ipd-1\\.bridge\\Polaris Coverity Capture\\idir\\coverity-cli\\buildless-compiler-configs\\coverity_config.xml --ticker-mode none --append-log --capture-list-file C:\\AI\\jasper-ipd-1\\.bridge\\Polaris Coverity Capture\\idir\\coverity-cli\\capture-file-list-2772930675 --record-with-source",
        "cwd": "C:\\AI\\jasper-ipd-1",
        "env": {
          "COVERITY_CACHE_API_TOKEN_FILE": "C:\\Users\\wangleo\\AppData\\Local\\Temp\\polaris_coverity_cache678262205\\.authKey",
          "COVERITY_CACHE_KEY": "0bdc5587-308a-45d2-9158-92ed7904de95",
          "COVERITY_CACHE_URL": "https://poc.polaris.synopsys.com/api/cache",
          "COVERITY_CLI_CAPTURE_ZIP_ARCHIVE": "C:\\AI\\jasper-ipd-1\\.bridge\\Polaris Coverity Capture\\idir.zip",
          "COVERITY_CLI_POLARIS_CLIENT": "true",
          "COVERITY_CLI_POLARIS_SIGMA": "C:\\Users\\wangleo\\.blackduck\\bridge\\tools\\sigma\\2025.4.0\\sigma.exe",
          "COVERITY_NO_LOG_ENVIRONMENT_VARIABLES": "1"
        },
        "stdout-tail": [
          "[INFO] Buildless capture started.",
          "[INFO] Emitting 271 Files.",
          "[INFO] Buildless capture completed."
        ],
        "start-time": "2025-06-24T10:31:11.7568818+08:00",
        "end-time": "2025-06-24T10:31:14.6077447+08:00",
        "duration": 2850857900
      },
      {
        "command-line": "C:\\Users\\wangleo\\.blackduck\\bridge\\tools\\cov-thin-client\\2025.3.0\\bin\\cov-manage-emit --dir C:\\AI\\jasper-ipd-1\\.bridge\\Polaris Coverity Capture\\idir list-capture-diagnostics",
        "cwd": "C:\\AI\\jasper-ipd-1",
        "env": {
          "COVERITY_CACHE_API_TOKEN_FILE": "C:\\Users\\wangleo\\AppData\\Local\\Temp\\polaris_coverity_cache678262205\\.authKey",
          "COVERITY_CACHE_KEY": "0bdc5587-308a-45d2-9158-92ed7904de95",
          "COVERITY_CACHE_URL": "https://poc.polaris.synopsys.com/api/cache",
          "COVERITY_CLI_CAPTURE_ZIP_ARCHIVE": "C:\\AI\\jasper-ipd-1\\.bridge\\Polaris Coverity Capture\\idir.zip",
          "COVERITY_CLI_POLARIS_CLIENT": "true",
          "COVERITY_CLI_POLARIS_SIGMA": "C:\\Users\\wangleo\\.blackduck\\bridge\\tools\\sigma\\2025.4.0\\sigma.exe",
          "COVERITY_NO_LOG_ENVIRONMENT_VARIABLES": "1"
        },
        "stdout-tail": [
          "        \"id\" : 485,",
          "        \"source-language\" : \"Text data\",",
          "        \"capture-percentage\" : 100,",
          "        \"had-failures\" : false,",
          "        \"had-recoverable-errors\" : false,",
          "        \"had-abstract-syntax-trees\" : false",
          "      }",
          "    }",
          "  ]",
          "}"
        ],
        "start-time": "2025-06-24T10:31:14.6077447+08:00",
        "end-time": "2025-06-24T10:31:14.7069849+08:00",
        "duration": 99239800
      },
      {
        "command-line": "C:\\Users\\wangleo\\.blackduck\\bridge\\tools\\cov-thin-client\\2025.3.0\\bin\\cov-run-sigma --project-dir C:\\AI\\jasper-ipd-1 --dir C:\\AI\\jasper-ipd-1\\.bridge\\Polaris Coverity Capture\\idir --coverity-config C:\\Users\\wangleo\\AppData\\Local\\Temp\\cov-run-sigma-config-510567107\\coverity.yaml --sigma-binary-path C:\\Users\\wangleo\\.blackduck\\bridge\\tools\\sigma\\2025.4.0\\sigma.exe --enable-telemetry",
        "cwd": "C:\\AI\\jasper-ipd-1",
        "env": {
          "COVERITY_CACHE_API_TOKEN_FILE": "C:\\Users\\wangleo\\AppData\\Local\\Temp\\polaris_coverity_cache678262205\\.authKey",
          "COVERITY_CACHE_KEY": "0bdc5587-308a-45d2-9158-92ed7904de95",
          "COVERITY_CACHE_URL": "https://poc.polaris.synopsys.com/api/cache",
          "COVERITY_CLI_CAPTURE_ZIP_ARCHIVE": "C:\\AI\\jasper-ipd-1\\.bridge\\Polaris Coverity Capture\\idir.zip",
          "COVERITY_CLI_POLARIS_CLIENT": "true",
          "COVERITY_CLI_POLARIS_SIGMA": "C:\\Users\\wangleo\\.blackduck\\bridge\\tools\\sigma\\2025.4.0\\sigma.exe",
          "COVERITY_NO_LOG_ENVIRONMENT_VARIABLES": "1"
        },
        "stdout-tail": [
          "Detected ISO-8859-1 encoding for C:/AI/jasper-ipd-1/src/Renderer/Library/Type/RemoteGitHubV3/RemoteGitHubHeaderEntity.ts",
          "Detected windows-1252 encoding for C:/AI/jasper-ipd-1/src/Main/Bind/IssueBind.ts",
          "Detected UTF-8 encoding for C:/AI/jasper-ipd-1/src/Renderer/Repository/StreamIssueRepo.ts",
          "Detected windows-1252 encoding for C:/AI/jasper-ipd-1/src/Renderer/Fragment/Stream/SampleIconNames.ts",
          "Detected ISO-8859-1 encoding for C:/AI/jasper-ipd-1/src/index.ts",
          "Detected ISO-8859-1 encoding for C:/AI/jasper-ipd-1/src/Renderer/Event/BrowserEvent.ts",
          "Detected UTF-8 encoding for C:/AI/jasper-ipd-1/src/Renderer/Repository/Polling/StreamClient/ProjectStreamClient.ts",
          "Detected ISO-8859-1 encoding for C:/AI/jasper-ipd-1/src/IPC/MainWindowIPC.ts",
          "Detected UTF-8 encoding for C:/AI/jasper-ipd-1/src/Main/Window/MainWindow/MainWindowTranslate.ts",
          "Detected UTF-8 encoding for C:/AI/jasper-ipd-1/src/Main/Bind/SQLiteBind.ts"
        ],
        "start-time": "2025-06-24T10:31:14.717815+08:00",
        "end-time": "2025-06-24T10:31:30.7695115+08:00",
        "duration": 16051665800
      },
      {
        "command-line": "C:\\Users\\wangleo\\.blackduck\\bridge\\tools\\cov-thin-client\\2025.3.0\\bin\\cov-manage-emit --dir C:\\AI\\jasper-ipd-1\\.bridge\\Polaris Coverity Capture\\idir list-capture-diagnostics",
        "cwd": "C:\\AI\\jasper-ipd-1",
        "env": {
          "COVERITY_CACHE_API_TOKEN_FILE": "C:\\Users\\wangleo\\AppData\\Local\\Temp\\polaris_coverity_cache678262205\\.authKey",
          "COVERITY_CACHE_KEY": "0bdc5587-308a-45d2-9158-92ed7904de95",
          "COVERITY_CACHE_URL": "https://poc.polaris.synopsys.com/api/cache",
          "COVERITY_CLI_CAPTURE_ZIP_ARCHIVE": "C:\\AI\\jasper-ipd-1\\.bridge\\Polaris Coverity Capture\\idir.zip",
          "COVERITY_CLI_POLARIS_CLIENT": "true",
          "COVERITY_CLI_POLARIS_SIGMA": "C:\\Users\\wangleo\\.blackduck\\bridge\\tools\\sigma\\2025.4.0\\sigma.exe",
          "COVERITY_NO_LOG_ENVIRONMENT_VARIABLES": "1"
        },
        "stdout-tail": [
          "        \"id\" : 485,",
          "        \"source-language\" : \"Text data\",",
          "        \"capture-percentage\" : 100,",
          "        \"had-failures\" : false,",
          "        \"had-recoverable-errors\" : false,",
          "        \"had-abstract-syntax-trees\" : false",
          "      }",
          "    }",
          "  ]",
          "}"
        ],
        "start-time": "2025-06-24T10:31:30.8030722+08:00",
        "end-time": "2025-06-24T10:31:30.9258166+08:00",
        "duration": 122744000
      }
    ]
  },
  "analysis": {
    "configuration": {}
  }
}
