{
  "V1": {
    "file_metrics": {
      "files_discovered": 305,
      "files_analyzed": 289,
      "skipped_files_code_exclusion": 3,
      "skipped_files_scm_ignored": 0,
      "skipped_files_too_large": 1,
      "skipped_files_others": 0,
      "files_by_language": {
        "HTML": 3,
        "Markdown": 4,
        "JSON": 6,
        "Shell": 10,
        "TSX": 78,
        "Unknown": 6,
        "CSS": 1,
        "YAML": 2,
        "TypeScript": 111,
        "Python": 59,
        "Java": 2,
        "PropertyList": 3,
        "PHP": 1,
        "JavaScript": 3
      }
    },
    "defect_metrics": {
      "certificate_verification_disabled": {
        "Medium": 1
      }
    },
    "performance": {
      "total_duration_microseconds": 11959321.0,
      "total_duration": "12 seconds"
    }
  }
}